key,value
ACTION_SHEET,Vaatii_toimenpiteitä
ARCHIVE_SHEET,Packages_Archive
AUTO_SCAN_ORDER,"posti,gls,matkahuolto,dhl,bring"
BRING_CLIENT_URL,https://omaappisi.fi
BRING_KEY,5db5bcb9-d8ca-471b-89f2-db625f965228
BRING_TRACK_URL,https://api.bring.com/tracking/api/v2/tracking.json?q={{code}}
BRING_UID,riku.ralli@ip-agency.fi
BULKJOB|Vaatii_toimenpiteitä,"{""sheet"":""Vaatii_toimenpiteitä"",""row"":290,""calls"":250,""started"":1757969740080,""total"":1254}"
BULK_BACKOFF_MINUTES_BASE,30
BULK_MAX_API_CALLS_PER_RUN,300
CACHE_EPOCH,1757933011106
CARRIER_DEFAULT_COL,25
CARRIER_HEADER_HINT,"Carrier, Handled by"
DEDUP_JOIN_CARRIER,FALSE
DHL_API_KEY,MC4grRiZ7dDsokW2ltPG1Qfj17d0enZA
DHL_TRACK_URL,https://api-eu.dhl.com/track/shipments?trackingNumber={{code}}
DISPATCH_METRICS,TRUE
GLS_BASIC,
GLS_FI_API_KEY,vAUg0en8vKC6wufKwGWxIw8hL23IfuzL4u14Ioce9PkFkAqQgnnYTvfFyjnONWzR
GLS_FI_METHOD,POST
GLS_FI_SENDER_ID,"006112,007413,007380,007529,007488,007580,007951,007952"
GLS_FI_SENDER_IDS,"006112,007413,007380,007529,007488,007580,007951,007952"
GLS_FI_TRACK_URL,https://<gls-fi-host>/customerapi/v2/get_tracking_events?senderId={{sender}}&parcelNo={{code}}
GLS_TOKEN_URL,https://api.gls-group.net/oauth2/v2/token
GLS_TRACK_URL,https://api.gls-group.net/track-and-trace-v1/tracking/simple/references/{{code}}
GMAIL_QUERY_PACKAGES,"label:""package report"" OR subject:""Packages Report"" newer_than:90d"
KK_PASTE_SHEET,KK_Paste
LAST_BRING_TS,1757932404971
LAST_DHL_TS,1757932404971
LAST_GLS_TS,1757932404971
LAST_KAUKOKIITO_TS,1757932404971
LAST_MATKAHUOLTO_TS,1757932404971
LAST_POSTI_TS,1757932404971
MH_BASIC,OTQwMzI3Njp5MHRmWkd3ZGpp
MH_TRACK_URL,https://extservices.matkahuolto.fi/mpaketti/public/tracking?ids={{code}}
PAUSE_UNTIL_DHL FINLAND (FI),1757972219028
PAUSE_UNTIL_POSTI,1757852729898
PBI_FOLDER_ID,1G6OyD9vNKq2DTT2YlNfGc48Mt3QPA_Un
POSTI_BASIC,bWFfMDk5MzE2MzdfNVA6NEliTzZwTFR1QzF2T2hpMmlwUkk=
POSTI_TOKEN_URL,https://oauth2.posti.com/oauth/token
POSTI_TRACK_URL,https://api.posti.fi/tracking/7/shipments/trackingnumbers/{{code}}
POSTI_TRK_BASIC,bWFfMDk5MzE2MzdfMVA6WmF0dUNFOGlzUGVTdGxTaWpsNHU=
POSTI_TRK_PASS,ZatuCE8isPeStlSijl4u
POSTI_TRK_URL,https://atlas.posti.fi/track-shipment-json?ShipmentId={{code}}
POSTI_TRK_USER,ma_09931637_1P
PSTG_MOVE_BATCH_ROWS,1000
PSTG_SCHED_ACTIVE,TRUE
PSTG_SCHED_DELAY_MS,360000
RATE_LAST_BRING,1757971469065
RATE_LAST_DHL,1757971451044
RATE_LAST_DHL FINLAND (FI),1757970547746
RATE_LAST_GLS,1757971738959
RATE_LAST_GLS FINLAND (FI),1757970769518
RATE_LAST_KAUKOKIITO (FI),1757970739076
RATE_LAST_MATKAHUOLTO,1757971303577
RATE_LAST_MATKAHUOLTO (FI),1757970755616
RATE_LAST_POSTI,1757971744052
RATE_LAST_POSTI API (FI),1757970415307
RATE_LAST_POSTI OY (FI),1757970767440
RATE_MINMS_BRING,800
RATE_MINMS_DHL,800
RATE_MINMS_GLS,800
RATE_MINMS_MATKAHUOLTO,500
RATE_MINMS_POSTI,500
REFRESH_COOLDOWN_MS,21600000
REFRESH_MIN_AGE_MINUTES,0
SLA_OPEN_DAYS,5
SLA_PD_DAYS,5
TARGET_SHEET,Packages
TRACKING_DEFAULT_COL,1
TRACKING_HEADER_HINT,Package Number
